file,true_class,cluster
Aeroplanes\68865798-flying-up-passenger-airplane-isolated-over-blue-sky-background.jpg,Aeroplanes,0
Aeroplanes\air-force-2178863_640.jpg,Aeroplanes,1
Aeroplanes\airbus-4454338_640.jpg,Aeroplanes,1
Aeroplanes\aircraft-1362586_640.jpg,Aeroplanes,2
Aeroplanes\aircraft-1499171_640.jpg,Aeroplanes,1
Aeroplanes\aircraft-1756149_640.jpg,Aeroplanes,2
Aeroplanes\aircraft-1813731_1280.jpg,Aeroplanes,2
Aeroplanes\aircraft-3241229_640.jpg,Aeroplanes,0
Aeroplanes\aircraft-4885805_640.jpg,Aeroplanes,0
Aeroplanes\aircraft-547105_640.jpg,Aeroplanes,2
Aeroplanes\airplane-1807486_640.jpg,Aeroplanes,2
Aeroplanes\airplane-3702676_640.jpg,Aeroplanes,1
Aeroplanes\airplane-4817195_640.jpg,Aeroplanes,0
Aeroplanes\airplane-4885803_640.jpg,Aeroplanes,1
Aeroplanes\airplane-659687_640.jpg,Aeroplanes,2
Aeroplanes\airplane-6674689_640.jpg,Aeroplanes,1
Aeroplanes\airplane-7429725_640.jpg,Aeroplanes,0
Aeroplanes\chicago-343941_640.jpg,Aeroplanes,2
Aeroplanes\clouds-4944276_640.jpg,Aeroplanes,0
Aeroplanes\double-decker-2795557_640.jpg,Aeroplanes,0
Aeroplanes\download (1).jpg,Aeroplanes,0
Aeroplanes\download (10).jpg,Aeroplanes,2
Aeroplanes\download (11).jpg,Aeroplanes,0
Aeroplanes\download (12).jpg,Aeroplanes,1
Aeroplanes\download (13).jpg,Aeroplanes,2
Aeroplanes\download (14).jpg,Aeroplanes,1
Aeroplanes\download (15).jpg,Aeroplanes,1
Aeroplanes\download (16).jpg,Aeroplanes,2
Aeroplanes\download (17).jpg,Aeroplanes,2
Aeroplanes\download (2).jpg,Aeroplanes,1
Aeroplanes\download (3).jpg,Aeroplanes,0
Aeroplanes\download (4).jpg,Aeroplanes,0
Aeroplanes\download (5).jpg,Aeroplanes,2
Aeroplanes\download (6).jpg,Aeroplanes,1
Aeroplanes\download (7).jpg,Aeroplanes,1
Aeroplanes\download (8).jpg,Aeroplanes,2
Aeroplanes\download (9).jpg,Aeroplanes,0
Aeroplanes\download.jpg,Aeroplanes,2
Aeroplanes\flyer-5430378_640.jpg,Aeroplanes,0
Aeroplanes\image_0001.jpg,Aeroplanes,1
Aeroplanes\image_0002.jpg,Aeroplanes,0
Aeroplanes\image_0003.jpg,Aeroplanes,1
Aeroplanes\image_0004.jpg,Aeroplanes,1
Aeroplanes\image_0005.jpg,Aeroplanes,1
Aeroplanes\image_0006.jpg,Aeroplanes,1
Aeroplanes\image_0007.jpg,Aeroplanes,0
Aeroplanes\image_0008.jpg,Aeroplanes,2
Aeroplanes\image_0009.jpg,Aeroplanes,1
Aeroplanes\image_0010.jpg,Aeroplanes,1
Aeroplanes\image_0011.jpg,Aeroplanes,1
Aeroplanes\image_0012.jpg,Aeroplanes,0
Aeroplanes\image_0013.jpg,Aeroplanes,1
Aeroplanes\image_0014.jpg,Aeroplanes,0
Aeroplanes\image_0015.jpg,Aeroplanes,2
Aeroplanes\image_0016.jpg,Aeroplanes,1
Aeroplanes\image_0017.jpg,Aeroplanes,2
Aeroplanes\image_0018.jpg,Aeroplanes,2
Aeroplanes\image_0019.jpg,Aeroplanes,1
Aeroplanes\image_0020.jpg,Aeroplanes,1
Aeroplanes\image_0021.jpg,Aeroplanes,1
Aeroplanes\image_0022.jpg,Aeroplanes,1
Aeroplanes\image_0023.jpg,Aeroplanes,1
Aeroplanes\image_0024.jpg,Aeroplanes,1
Aeroplanes\image_0025.jpg,Aeroplanes,1
Aeroplanes\image_0026.jpg,Aeroplanes,2
Aeroplanes\image_0027.jpg,Aeroplanes,2
Aeroplanes\image_0028.jpg,Aeroplanes,1
Aeroplanes\image_0029.jpg,Aeroplanes,1
Aeroplanes\image_0030.jpg,Aeroplanes,1
Aeroplanes\image_0031.jpg,Aeroplanes,0
Aeroplanes\image_0032.jpg,Aeroplanes,2
Aeroplanes\image_0033.jpg,Aeroplanes,1
Aeroplanes\image_0034.jpg,Aeroplanes,1
Aeroplanes\image_0035.jpg,Aeroplanes,1
Aeroplanes\image_0036.jpg,Aeroplanes,1
Aeroplanes\image_0037.jpg,Aeroplanes,1
Aeroplanes\image_0038.jpg,Aeroplanes,0
Aeroplanes\image_0039.jpg,Aeroplanes,1
Aeroplanes\image_0040.jpg,Aeroplanes,1
Aeroplanes\image_0041.jpg,Aeroplanes,1
Aeroplanes\image_0042.jpg,Aeroplanes,0
Aeroplanes\image_0043.jpg,Aeroplanes,0
Aeroplanes\image_0044.jpg,Aeroplanes,1
Aeroplanes\image_0045.jpg,Aeroplanes,1
Aeroplanes\image_0046.jpg,Aeroplanes,1
Aeroplanes\image_0047.jpg,Aeroplanes,1
Aeroplanes\image_0048.jpg,Aeroplanes,1
Aeroplanes\image_0049.jpg,Aeroplanes,0
Aeroplanes\image_0050.jpg,Aeroplanes,1
Aeroplanes\image_0051.jpg,Aeroplanes,1
Aeroplanes\image_0052.jpg,Aeroplanes,1
Aeroplanes\image_0053.jpg,Aeroplanes,0
Aeroplanes\image_0054.jpg,Aeroplanes,1
Aeroplanes\image_0055.jpg,Aeroplanes,1
Aeroplanes\image_0056.jpg,Aeroplanes,0
Aeroplanes\image_0057.jpg,Aeroplanes,1
Aeroplanes\image_0058.jpg,Aeroplanes,1
Aeroplanes\image_0059.jpg,Aeroplanes,1
Aeroplanes\image_0060.jpg,Aeroplanes,1
Aeroplanes\image_0061.jpg,Aeroplanes,1
Aeroplanes\image_0062.jpg,Aeroplanes,1
Aeroplanes\image_0063.jpg,Aeroplanes,1
Aeroplanes\image_0064.jpg,Aeroplanes,1
Aeroplanes\image_0065.jpg,Aeroplanes,1
Aeroplanes\image_0066.jpg,Aeroplanes,0
Aeroplanes\image_0067.jpg,Aeroplanes,0
Aeroplanes\image_0068.jpg,Aeroplanes,1
Aeroplanes\image_0069.jpg,Aeroplanes,1
Aeroplanes\image_0070.jpg,Aeroplanes,1
Aeroplanes\image_0071.jpg,Aeroplanes,0
Aeroplanes\image_0072.jpg,Aeroplanes,0
Aeroplanes\image_0073.jpg,Aeroplanes,0
Aeroplanes\image_0074.jpg,Aeroplanes,1
Aeroplanes\image_0075.jpg,Aeroplanes,0
Aeroplanes\image_0076.jpg,Aeroplanes,0
Aeroplanes\image_0077.jpg,Aeroplanes,2
Aeroplanes\image_0078.jpg,Aeroplanes,1
Aeroplanes\image_0079.jpg,Aeroplanes,2
Aeroplanes\image_0080.jpg,Aeroplanes,0
Aeroplanes\image_0081.jpg,Aeroplanes,2
Aeroplanes\image_0082.jpg,Aeroplanes,1
Aeroplanes\image_0083.jpg,Aeroplanes,1
Aeroplanes\image_0084.jpg,Aeroplanes,1
Aeroplanes\image_0085.jpg,Aeroplanes,0
Aeroplanes\image_0086.jpg,Aeroplanes,1
Aeroplanes\image_0087.jpg,Aeroplanes,1
Aeroplanes\image_0088.jpg,Aeroplanes,1
Aeroplanes\image_0089.jpg,Aeroplanes,1
Aeroplanes\image_0090.jpg,Aeroplanes,1
Aeroplanes\image_0091.jpg,Aeroplanes,1
Aeroplanes\image_0092.jpg,Aeroplanes,1
Aeroplanes\image_0093.jpg,Aeroplanes,1
Aeroplanes\image_0094.jpg,Aeroplanes,1
Aeroplanes\image_0095.jpg,Aeroplanes,1
Aeroplanes\image_0096.jpg,Aeroplanes,2
Aeroplanes\image_0097.jpg,Aeroplanes,1
Aeroplanes\image_0098.jpg,Aeroplanes,1
Aeroplanes\image_0099.jpg,Aeroplanes,1
Aeroplanes\image_0100.jpg,Aeroplanes,0
Aeroplanes\image_0101.jpg,Aeroplanes,1
Aeroplanes\image_0102.jpg,Aeroplanes,1
Aeroplanes\image_0103.jpg,Aeroplanes,1
Aeroplanes\image_0104.jpg,Aeroplanes,1
Aeroplanes\image_0105.jpg,Aeroplanes,2
Aeroplanes\image_0106.jpg,Aeroplanes,2
Aeroplanes\image_0107.jpg,Aeroplanes,1
Aeroplanes\image_0108.jpg,Aeroplanes,0
Aeroplanes\image_0109.jpg,Aeroplanes,0
Aeroplanes\image_0110.jpg,Aeroplanes,1
Aeroplanes\image_0111.jpg,Aeroplanes,0
Aeroplanes\image_0112.jpg,Aeroplanes,1
Aeroplanes\image_0113.jpg,Aeroplanes,2
Aeroplanes\image_0114.jpg,Aeroplanes,1
Aeroplanes\image_0115.jpg,Aeroplanes,1
Aeroplanes\image_0116.jpg,Aeroplanes,1
Aeroplanes\image_0117.jpg,Aeroplanes,1
Aeroplanes\image_0118.jpg,Aeroplanes,1
Aeroplanes\image_0119.jpg,Aeroplanes,1
Aeroplanes\image_0120.jpg,Aeroplanes,2
Aeroplanes\image_0121.jpg,Aeroplanes,2
Aeroplanes\image_0122.jpg,Aeroplanes,2
Aeroplanes\image_0123.jpg,Aeroplanes,0
Aeroplanes\image_0124.jpg,Aeroplanes,0
Aeroplanes\image_0125.jpg,Aeroplanes,2
Aeroplanes\image_0126.jpg,Aeroplanes,1
Aeroplanes\image_0127.jpg,Aeroplanes,2
Aeroplanes\image_0128.jpg,Aeroplanes,2
Aeroplanes\image_0129.jpg,Aeroplanes,1
Aeroplanes\image_0130.jpg,Aeroplanes,0
Aeroplanes\image_0131.jpg,Aeroplanes,1
Aeroplanes\image_0132.jpg,Aeroplanes,2
Aeroplanes\image_0133.jpg,Aeroplanes,0
Aeroplanes\image_0134.jpg,Aeroplanes,2
Aeroplanes\image_0135.jpg,Aeroplanes,2
Aeroplanes\image_0136.jpg,Aeroplanes,1
Aeroplanes\image_0137.jpg,Aeroplanes,1
Aeroplanes\image_0138.jpg,Aeroplanes,1
Aeroplanes\image_0139.jpg,Aeroplanes,1
Aeroplanes\image_0140.jpg,Aeroplanes,1
Aeroplanes\image_0141.jpg,Aeroplanes,2
Aeroplanes\image_0142.jpg,Aeroplanes,1
Aeroplanes\image_0143.jpg,Aeroplanes,2
Aeroplanes\image_0144.jpg,Aeroplanes,2
Aeroplanes\image_0145.jpg,Aeroplanes,1
Aeroplanes\image_0146.jpg,Aeroplanes,2
Aeroplanes\image_0147.jpg,Aeroplanes,2
Aeroplanes\image_0148.jpg,Aeroplanes,2
Aeroplanes\image_0149.jpg,Aeroplanes,2
Aeroplanes\image_0150.jpg,Aeroplanes,2
Aeroplanes\image_0151.jpg,Aeroplanes,2
Aeroplanes\image_0152.jpg,Aeroplanes,1
Aeroplanes\image_0153.jpg,Aeroplanes,2
Aeroplanes\image_0154.jpg,Aeroplanes,1
Aeroplanes\image_0155.jpg,Aeroplanes,1
Aeroplanes\image_0156.jpg,Aeroplanes,2
Aeroplanes\image_0157.jpg,Aeroplanes,1
Aeroplanes\image_0158.jpg,Aeroplanes,2
Aeroplanes\image_0159.jpg,Aeroplanes,1
Aeroplanes\image_0160.jpg,Aeroplanes,2
Aeroplanes\image_0161.jpg,Aeroplanes,2
Aeroplanes\image_0162.jpg,Aeroplanes,2
Aeroplanes\image_0163.jpg,Aeroplanes,2
Aeroplanes\image_0164.jpg,Aeroplanes,2
Aeroplanes\image_0165.jpg,Aeroplanes,2
Aeroplanes\image_0166.jpg,Aeroplanes,2
Aeroplanes\image_0167.jpg,Aeroplanes,2
Aeroplanes\image_0168.jpg,Aeroplanes,2
Aeroplanes\image_0169.jpg,Aeroplanes,2
Aeroplanes\image_0170.jpg,Aeroplanes,2
Aeroplanes\image_0171.jpg,Aeroplanes,0
Aeroplanes\image_0172.jpg,Aeroplanes,2
Aeroplanes\image_0173.jpg,Aeroplanes,2
Aeroplanes\image_0174.jpg,Aeroplanes,2
Aeroplanes\image_0175.jpg,Aeroplanes,1
Aeroplanes\image_0176.jpg,Aeroplanes,1
Aeroplanes\image_0177.jpg,Aeroplanes,0
Aeroplanes\image_0178.jpg,Aeroplanes,0
Aeroplanes\image_0179.jpg,Aeroplanes,1
Aeroplanes\image_0180.jpg,Aeroplanes,1
Aeroplanes\image_0181.jpg,Aeroplanes,2
Aeroplanes\image_0182.jpg,Aeroplanes,2
Aeroplanes\image_0183.jpg,Aeroplanes,1
Aeroplanes\image_0184.jpg,Aeroplanes,1
Aeroplanes\image_0185.jpg,Aeroplanes,2
Aeroplanes\image_0186.jpg,Aeroplanes,2
Aeroplanes\image_0187.jpg,Aeroplanes,2
Aeroplanes\image_0188.jpg,Aeroplanes,1
Aeroplanes\image_0189.jpg,Aeroplanes,2
Aeroplanes\image_0190.jpg,Aeroplanes,1
Aeroplanes\image_0191.jpg,Aeroplanes,2
Aeroplanes\image_0192.jpg,Aeroplanes,2
Aeroplanes\image_0193.jpg,Aeroplanes,2
Aeroplanes\image_0194.jpg,Aeroplanes,0
Aeroplanes\image_0195.jpg,Aeroplanes,1
Aeroplanes\image_0196.jpg,Aeroplanes,1
Aeroplanes\image_0197.jpg,Aeroplanes,1
Aeroplanes\image_0198.jpg,Aeroplanes,1
Aeroplanes\image_0199.jpg,Aeroplanes,1
Aeroplanes\image_0200.jpg,Aeroplanes,1
Aeroplanes\image_0201.jpg,Aeroplanes,1
Aeroplanes\image_0202.jpg,Aeroplanes,1
Aeroplanes\image_0203.jpg,Aeroplanes,1
Aeroplanes\image_0204.jpg,Aeroplanes,2
Aeroplanes\image_0205.jpg,Aeroplanes,1
Aeroplanes\image_0206.jpg,Aeroplanes,1
Aeroplanes\image_0207.jpg,Aeroplanes,2
Aeroplanes\image_0208.jpg,Aeroplanes,0
Aeroplanes\image_0209.jpg,Aeroplanes,2
Aeroplanes\image_0210.jpg,Aeroplanes,2
Aeroplanes\image_0211.jpg,Aeroplanes,1
Aeroplanes\image_0212.jpg,Aeroplanes,1
Aeroplanes\image_0213.jpg,Aeroplanes,2
Aeroplanes\image_0214.jpg,Aeroplanes,1
Aeroplanes\image_0215.jpg,Aeroplanes,1
Aeroplanes\image_0216.jpg,Aeroplanes,2
Aeroplanes\image_0217.jpg,Aeroplanes,1
Aeroplanes\image_0218.jpg,Aeroplanes,1
Aeroplanes\image_0219.jpg,Aeroplanes,2
Aeroplanes\image_0220.jpg,Aeroplanes,1
Aeroplanes\image_0221.jpg,Aeroplanes,2
Aeroplanes\image_0222.jpg,Aeroplanes,2
Aeroplanes\image_0223.jpg,Aeroplanes,2
Aeroplanes\image_0224.jpg,Aeroplanes,1
Aeroplanes\image_0225.jpg,Aeroplanes,1
Aeroplanes\image_0226.jpg,Aeroplanes,2
Aeroplanes\image_0227.jpg,Aeroplanes,1
Aeroplanes\image_0228.jpg,Aeroplanes,1
Aeroplanes\image_0229.jpg,Aeroplanes,1
Aeroplanes\image_0230.jpg,Aeroplanes,2
Aeroplanes\image_0231.jpg,Aeroplanes,2
Aeroplanes\image_0232.jpg,Aeroplanes,1
Aeroplanes\image_0233.jpg,Aeroplanes,0
Aeroplanes\image_0234.jpg,Aeroplanes,1
Aeroplanes\image_0235.jpg,Aeroplanes,2
Aeroplanes\image_0236.jpg,Aeroplanes,1
Aeroplanes\image_0237.jpg,Aeroplanes,1
Aeroplanes\image_0238.jpg,Aeroplanes,1
Aeroplanes\image_0239.jpg,Aeroplanes,2
Aeroplanes\image_0240.jpg,Aeroplanes,2
Aeroplanes\image_0241.jpg,Aeroplanes,1
Aeroplanes\image_0242.jpg,Aeroplanes,1
Aeroplanes\image_0243.jpg,Aeroplanes,1
Aeroplanes\image_0244.jpg,Aeroplanes,1
Aeroplanes\image_0245.jpg,Aeroplanes,1
Aeroplanes\image_0246.jpg,Aeroplanes,0
Aeroplanes\image_0247.jpg,Aeroplanes,0
Aeroplanes\image_0248.jpg,Aeroplanes,2
Aeroplanes\image_0249.jpg,Aeroplanes,2
Aeroplanes\image_0250.jpg,Aeroplanes,1
Aeroplanes\image_0251.jpg,Aeroplanes,1
Aeroplanes\image_0252.jpg,Aeroplanes,1
Aeroplanes\image_0253.jpg,Aeroplanes,1
Aeroplanes\image_0254.jpg,Aeroplanes,1
Aeroplanes\image_0255.jpg,Aeroplanes,1
Aeroplanes\image_0256.jpg,Aeroplanes,2
Aeroplanes\image_0257.jpg,Aeroplanes,0
Aeroplanes\image_0258.jpg,Aeroplanes,2
Aeroplanes\image_0259.jpg,Aeroplanes,0
Aeroplanes\image_0260.jpg,Aeroplanes,1
Aeroplanes\image_0261.jpg,Aeroplanes,0
Aeroplanes\image_0262.jpg,Aeroplanes,1
Aeroplanes\image_0263.jpg,Aeroplanes,2
Aeroplanes\image_0264.jpg,Aeroplanes,1
Aeroplanes\image_0265.jpg,Aeroplanes,1
Aeroplanes\image_0266.jpg,Aeroplanes,1
Aeroplanes\image_0267.jpg,Aeroplanes,2
Aeroplanes\image_0268.jpg,Aeroplanes,1
Aeroplanes\image_0269.jpg,Aeroplanes,2
Aeroplanes\image_0270.jpg,Aeroplanes,2
Aeroplanes\image_0271.jpg,Aeroplanes,2
Aeroplanes\image_0272.jpg,Aeroplanes,2
Aeroplanes\image_0273.jpg,Aeroplanes,2
Aeroplanes\image_0274.jpg,Aeroplanes,2
Aeroplanes\image_0275.jpg,Aeroplanes,2
Aeroplanes\image_0276.jpg,Aeroplanes,2
Aeroplanes\image_0277.jpg,Aeroplanes,2
Aeroplanes\image_0278.jpg,Aeroplanes,2
Aeroplanes\image_0279.jpg,Aeroplanes,2
Aeroplanes\image_0280.jpg,Aeroplanes,1
Aeroplanes\image_0281.jpg,Aeroplanes,2
Aeroplanes\image_0282.jpg,Aeroplanes,2
Aeroplanes\image_0283.jpg,Aeroplanes,1
Aeroplanes\image_0284.jpg,Aeroplanes,1
Aeroplanes\image_0285.jpg,Aeroplanes,1
Aeroplanes\image_0286.jpg,Aeroplanes,1
Aeroplanes\image_0287.jpg,Aeroplanes,0
Aeroplanes\image_0288.jpg,Aeroplanes,0
Aeroplanes\image_0289.jpg,Aeroplanes,2
Aeroplanes\image_0290.jpg,Aeroplanes,2
Aeroplanes\image_0291.jpg,Aeroplanes,2
Aeroplanes\image_0292.jpg,Aeroplanes,2
Aeroplanes\image_0293.jpg,Aeroplanes,2
Aeroplanes\image_0294.jpg,Aeroplanes,2
Aeroplanes\image_0295.jpg,Aeroplanes,2
Aeroplanes\image_0296.jpg,Aeroplanes,2
Aeroplanes\image_0297.jpg,Aeroplanes,1
Aeroplanes\image_0298.jpg,Aeroplanes,2
Aeroplanes\image_0299.jpg,Aeroplanes,2
Aeroplanes\image_0300.jpg,Aeroplanes,2
Aeroplanes\image_0301.jpg,Aeroplanes,2
Aeroplanes\image_0302.jpg,Aeroplanes,2
Aeroplanes\image_0303.jpg,Aeroplanes,0
Aeroplanes\image_0304.jpg,Aeroplanes,0
Aeroplanes\image_0305.jpg,Aeroplanes,0
Aeroplanes\image_0306.jpg,Aeroplanes,2
Aeroplanes\image_0307.jpg,Aeroplanes,2
Aeroplanes\image_0308.jpg,Aeroplanes,2
Aeroplanes\image_0309.jpg,Aeroplanes,2
Aeroplanes\image_0310.jpg,Aeroplanes,2
Aeroplanes\image_0311.jpg,Aeroplanes,2
Aeroplanes\image_0312.jpg,Aeroplanes,2
Aeroplanes\image_0313.jpg,Aeroplanes,2
Aeroplanes\image_0314.jpg,Aeroplanes,2
Aeroplanes\image_0315.jpg,Aeroplanes,2
Aeroplanes\image_0316.jpg,Aeroplanes,2
Aeroplanes\image_0317.jpg,Aeroplanes,2
Aeroplanes\image_0318.jpg,Aeroplanes,2
Aeroplanes\image_0319.jpg,Aeroplanes,2
Aeroplanes\image_0320.jpg,Aeroplanes,2
Aeroplanes\image_0321.jpg,Aeroplanes,2
Aeroplanes\image_0322.jpg,Aeroplanes,2
Aeroplanes\image_0323.jpg,Aeroplanes,2
Aeroplanes\image_0324.jpg,Aeroplanes,2
Aeroplanes\image_0325.jpg,Aeroplanes,2
Aeroplanes\image_0326.jpg,Aeroplanes,2
Aeroplanes\image_0327.jpg,Aeroplanes,2
Aeroplanes\image_0328.jpg,Aeroplanes,2
Aeroplanes\image_0329.jpg,Aeroplanes,1
Aeroplanes\image_0330.jpg,Aeroplanes,2
Aeroplanes\image_0331.jpg,Aeroplanes,2
Aeroplanes\image_0332.jpg,Aeroplanes,2
Aeroplanes\image_0333.jpg,Aeroplanes,1
Aeroplanes\image_0334.jpg,Aeroplanes,2
Aeroplanes\image_0335.jpg,Aeroplanes,1
Aeroplanes\image_0336.jpg,Aeroplanes,2
Aeroplanes\image_0337.jpg,Aeroplanes,2
Aeroplanes\image_0338.jpg,Aeroplanes,2
Aeroplanes\image_0339.jpg,Aeroplanes,2
Aeroplanes\image_0340.jpg,Aeroplanes,2
Aeroplanes\image_0341.jpg,Aeroplanes,1
Aeroplanes\image_0342.jpg,Aeroplanes,2
Aeroplanes\image_0343.jpg,Aeroplanes,2
Aeroplanes\image_0344.jpg,Aeroplanes,2
Aeroplanes\image_0345.jpg,Aeroplanes,1
Aeroplanes\image_0346.jpg,Aeroplanes,2
Aeroplanes\image_0347.jpg,Aeroplanes,0
Aeroplanes\image_0348.jpg,Aeroplanes,1
Aeroplanes\image_0349.jpg,Aeroplanes,1
Aeroplanes\image_0350.jpg,Aeroplanes,1
Aeroplanes\image_0351.jpg,Aeroplanes,1
Aeroplanes\image_0352.jpg,Aeroplanes,1
Aeroplanes\image_0353.jpg,Aeroplanes,1
Aeroplanes\image_0354.jpg,Aeroplanes,2
Aeroplanes\image_0355.jpg,Aeroplanes,1
Aeroplanes\image_0356.jpg,Aeroplanes,1
Aeroplanes\image_0357.jpg,Aeroplanes,0
Aeroplanes\image_0358.jpg,Aeroplanes,1
Aeroplanes\image_0359.jpg,Aeroplanes,1
Aeroplanes\image_0360.jpg,Aeroplanes,2
Aeroplanes\image_0361.jpg,Aeroplanes,2
Aeroplanes\image_0362.jpg,Aeroplanes,2
Aeroplanes\image_0363.jpg,Aeroplanes,2
Aeroplanes\image_0364.jpg,Aeroplanes,2
Aeroplanes\image_0365.jpg,Aeroplanes,2
Aeroplanes\image_0366.jpg,Aeroplanes,2
Aeroplanes\image_0367.jpg,Aeroplanes,2
Aeroplanes\image_0368.jpg,Aeroplanes,2
Aeroplanes\image_0369.jpg,Aeroplanes,2
Aeroplanes\image_0370.jpg,Aeroplanes,2
Aeroplanes\image_0371.jpg,Aeroplanes,2
Aeroplanes\image_0372.jpg,Aeroplanes,2
Aeroplanes\image_0373.jpg,Aeroplanes,2
Aeroplanes\image_0374.jpg,Aeroplanes,2
Aeroplanes\image_0375.jpg,Aeroplanes,2
Aeroplanes\image_0376.jpg,Aeroplanes,2
Aeroplanes\image_0377.jpg,Aeroplanes,2
Aeroplanes\image_0378.jpg,Aeroplanes,2
Aeroplanes\image_0379.jpg,Aeroplanes,2
Aeroplanes\image_0380.jpg,Aeroplanes,2
Aeroplanes\image_0381.jpg,Aeroplanes,1
Aeroplanes\image_0382.jpg,Aeroplanes,2
Aeroplanes\image_0383.jpg,Aeroplanes,2
Aeroplanes\image_0384.jpg,Aeroplanes,2
Aeroplanes\image_0385.jpg,Aeroplanes,2
Aeroplanes\image_0386.jpg,Aeroplanes,1
Aeroplanes\image_0387.jpg,Aeroplanes,2
Aeroplanes\image_0388.jpg,Aeroplanes,2
Aeroplanes\image_0389.jpg,Aeroplanes,2
Aeroplanes\image_0390.jpg,Aeroplanes,2
Aeroplanes\image_0391.jpg,Aeroplanes,2
Aeroplanes\image_0392.jpg,Aeroplanes,1
Aeroplanes\image_0393.jpg,Aeroplanes,2
Aeroplanes\image_0394.jpg,Aeroplanes,1
Aeroplanes\image_0395.jpg,Aeroplanes,0
Aeroplanes\image_0396.jpg,Aeroplanes,0
Aeroplanes\image_0397.jpg,Aeroplanes,1
Aeroplanes\image_0398.jpg,Aeroplanes,1
Aeroplanes\image_0399.jpg,Aeroplanes,2
Aeroplanes\image_0400.jpg,Aeroplanes,2
Aeroplanes\image_0401.jpg,Aeroplanes,2
Aeroplanes\image_0402.jpg,Aeroplanes,2
Aeroplanes\image_0403.jpg,Aeroplanes,0
Aeroplanes\image_0404.jpg,Aeroplanes,0
Aeroplanes\image_0405.jpg,Aeroplanes,1
Aeroplanes\image_0406.jpg,Aeroplanes,2
Aeroplanes\image_0407.jpg,Aeroplanes,1
Aeroplanes\image_0408.jpg,Aeroplanes,1
Aeroplanes\image_0409.jpg,Aeroplanes,1
Aeroplanes\image_0410.jpg,Aeroplanes,1
Aeroplanes\image_0411.jpg,Aeroplanes,1
Aeroplanes\image_0412.jpg,Aeroplanes,2
Aeroplanes\image_0413.jpg,Aeroplanes,2
Aeroplanes\image_0414.jpg,Aeroplanes,2
Aeroplanes\image_0415.jpg,Aeroplanes,2
Aeroplanes\image_0416.jpg,Aeroplanes,2
Aeroplanes\image_0417.jpg,Aeroplanes,2
Aeroplanes\image_0418.jpg,Aeroplanes,1
Aeroplanes\image_0419.jpg,Aeroplanes,0
Aeroplanes\image_0420.jpg,Aeroplanes,1
Aeroplanes\image_0421.jpg,Aeroplanes,0
Aeroplanes\image_0422.jpg,Aeroplanes,0
Aeroplanes\image_0423.jpg,Aeroplanes,1
Aeroplanes\image_0424.jpg,Aeroplanes,1
Aeroplanes\image_0425.jpg,Aeroplanes,1
Aeroplanes\image_0426.jpg,Aeroplanes,2
Aeroplanes\image_0427.jpg,Aeroplanes,1
Aeroplanes\image_0428.jpg,Aeroplanes,1
Aeroplanes\image_0429.jpg,Aeroplanes,1
Aeroplanes\image_0430.jpg,Aeroplanes,1
Aeroplanes\image_0431.jpg,Aeroplanes,2
Aeroplanes\image_0432.jpg,Aeroplanes,1
Aeroplanes\image_0433.jpg,Aeroplanes,1
Aeroplanes\image_0434.jpg,Aeroplanes,1
Aeroplanes\image_0435.jpg,Aeroplanes,1
Aeroplanes\image_0436.jpg,Aeroplanes,1
Aeroplanes\image_0437.jpg,Aeroplanes,1
Aeroplanes\image_0438.jpg,Aeroplanes,1
Aeroplanes\image_0439.jpg,Aeroplanes,1
Aeroplanes\image_0440.jpg,Aeroplanes,1
Aeroplanes\image_0441.jpg,Aeroplanes,1
Aeroplanes\image_0442.jpg,Aeroplanes,1
Aeroplanes\image_0443.jpg,Aeroplanes,1
Aeroplanes\image_0444.jpg,Aeroplanes,1
Aeroplanes\image_0445.jpg,Aeroplanes,1
Aeroplanes\image_0446.jpg,Aeroplanes,0
Aeroplanes\image_0447.jpg,Aeroplanes,1
Aeroplanes\image_0448.jpg,Aeroplanes,1
Aeroplanes\image_0449.jpg,Aeroplanes,0
Aeroplanes\image_0450.jpg,Aeroplanes,2
Aeroplanes\image_0451.jpg,Aeroplanes,2
Aeroplanes\image_0452.jpg,Aeroplanes,2
Aeroplanes\image_0453.jpg,Aeroplanes,2
Aeroplanes\image_0454.jpg,Aeroplanes,2
Aeroplanes\image_0455.jpg,Aeroplanes,2
Aeroplanes\image_0456.jpg,Aeroplanes,2
Aeroplanes\image_0457.jpg,Aeroplanes,2
Aeroplanes\image_0458.jpg,Aeroplanes,2
Aeroplanes\image_0459.jpg,Aeroplanes,2
Aeroplanes\image_0460.jpg,Aeroplanes,2
Aeroplanes\image_0461.jpg,Aeroplanes,2
Birds\singleBirdinsky0.jpeg,Birds,0
Birds\singleBirdinsky1.jpeg,Birds,1
Birds\singleBirdinsky10.jpeg,Birds,1
Birds\singleBirdinsky100.jpeg,Birds,1
Birds\singleBirdinsky101.jpeg,Birds,0
Birds\singleBirdinsky102.jpeg,Birds,0
Birds\singleBirdinsky103.jpeg,Birds,1
Birds\singleBirdinsky104.jpeg,Birds,2
Birds\singleBirdinsky105.jpeg,Birds,1
Birds\singleBirdinsky106.jpeg,Birds,0
Birds\singleBirdinsky107.jpeg,Birds,1
Birds\singleBirdinsky108.jpeg,Birds,0
Birds\singleBirdinsky109.jpeg,Birds,1
Birds\singleBirdinsky11.jpeg,Birds,0
Birds\singleBirdinsky110.jpeg,Birds,0
Birds\singleBirdinsky111.jpeg,Birds,2
Birds\singleBirdinsky112.jpeg,Birds,1
Birds\singleBirdinsky113.jpeg,Birds,2
Birds\singleBirdinsky114.jpeg,Birds,1
Birds\singleBirdinsky115.jpeg,Birds,2
Birds\singleBirdinsky116.jpeg,Birds,0
Birds\singleBirdinsky117.jpeg,Birds,0
Birds\singleBirdinsky118.jpeg,Birds,0
Birds\singleBirdinsky119.jpeg,Birds,2
Birds\singleBirdinsky12.jpeg,Birds,2
Birds\singleBirdinsky120.jpeg,Birds,1
Birds\singleBirdinsky121.jpeg,Birds,0
Birds\singleBirdinsky122.jpeg,Birds,0
Birds\singleBirdinsky123.jpeg,Birds,2
Birds\singleBirdinsky124.jpeg,Birds,1
Birds\singleBirdinsky125.jpeg,Birds,2
Birds\singleBirdinsky126.jpeg,Birds,1
Birds\singleBirdinsky127.jpeg,Birds,1
Birds\singleBirdinsky128.jpeg,Birds,0
Birds\singleBirdinsky129.jpeg,Birds,0
Birds\singleBirdinsky13.jpeg,Birds,0
Birds\singleBirdinsky130.jpeg,Birds,0
Birds\singleBirdinsky131.jpeg,Birds,2
Birds\singleBirdinsky132.jpeg,Birds,1
Birds\singleBirdinsky133.jpeg,Birds,0
Birds\singleBirdinsky134.jpeg,Birds,0
Birds\singleBirdinsky135.jpeg,Birds,0
Birds\singleBirdinsky136.jpeg,Birds,0
Birds\singleBirdinsky137.jpeg,Birds,1
Birds\singleBirdinsky138.jpeg,Birds,1
Birds\singleBirdinsky139.jpeg,Birds,1
Birds\singleBirdinsky14.jpeg,Birds,0
Birds\singleBirdinsky140.jpeg,Birds,0
Birds\singleBirdinsky141.jpeg,Birds,1
Birds\singleBirdinsky142.jpeg,Birds,2
Birds\singleBirdinsky143.jpeg,Birds,1
Birds\singleBirdinsky144.jpeg,Birds,1
Birds\singleBirdinsky145.jpeg,Birds,0
Birds\singleBirdinsky146.jpeg,Birds,0
Birds\singleBirdinsky147.jpeg,Birds,2
Birds\singleBirdinsky148.jpeg,Birds,1
Birds\singleBirdinsky149.jpeg,Birds,1
Birds\singleBirdinsky15.jpeg,Birds,2
Birds\singleBirdinsky150.jpeg,Birds,2
Birds\singleBirdinsky151.jpeg,Birds,1
Birds\singleBirdinsky152.jpeg,Birds,0
Birds\singleBirdinsky153.jpeg,Birds,2
Birds\singleBirdinsky154.jpeg,Birds,1
Birds\singleBirdinsky155.jpeg,Birds,1
Birds\singleBirdinsky156.jpeg,Birds,1
Birds\singleBirdinsky157.jpeg,Birds,1
Birds\singleBirdinsky158.jpeg,Birds,0
Birds\singleBirdinsky159.jpeg,Birds,2
Birds\singleBirdinsky16.jpeg,Birds,1
Birds\singleBirdinsky160.jpeg,Birds,2
Birds\singleBirdinsky161.jpeg,Birds,0
Birds\singleBirdinsky162.jpeg,Birds,2
Birds\singleBirdinsky163.jpeg,Birds,2
Birds\singleBirdinsky164.jpeg,Birds,0
Birds\singleBirdinsky165.jpeg,Birds,1
Birds\singleBirdinsky166.jpeg,Birds,0
Birds\singleBirdinsky167.jpeg,Birds,0
Birds\singleBirdinsky168.jpeg,Birds,1
Birds\singleBirdinsky169.jpeg,Birds,0
Birds\singleBirdinsky17.jpeg,Birds,0
Birds\singleBirdinsky170.jpeg,Birds,0
Birds\singleBirdinsky171.jpeg,Birds,0
Birds\singleBirdinsky172.jpeg,Birds,0
Birds\singleBirdinsky173.jpeg,Birds,0
Birds\singleBirdinsky174.jpeg,Birds,1
Birds\singleBirdinsky175.jpeg,Birds,1
Birds\singleBirdinsky176.jpeg,Birds,1
Birds\singleBirdinsky177.jpeg,Birds,1
Birds\singleBirdinsky178.jpeg,Birds,2
Birds\singleBirdinsky179.jpeg,Birds,0
Birds\singleBirdinsky18.webp,Birds,0
Birds\singleBirdinsky180.jpeg,Birds,1
Birds\singleBirdinsky181.jpeg,Birds,1
Birds\singleBirdinsky182.jpeg,Birds,0
Birds\singleBirdinsky183.jpeg,Birds,2
Birds\singleBirdinsky184.jpeg,Birds,1
Birds\singleBirdinsky185.jpeg,Birds,2
Birds\singleBirdinsky186.jpeg,Birds,2
Birds\singleBirdinsky187.jpeg,Birds,0
Birds\singleBirdinsky188.jpeg,Birds,2
Birds\singleBirdinsky189.jpeg,Birds,2
Birds\singleBirdinsky19.webp,Birds,0
Birds\singleBirdinsky190.jpeg,Birds,0
Birds\singleBirdinsky191.jpeg,Birds,0
Birds\singleBirdinsky192.jpeg,Birds,0
Birds\singleBirdinsky193.jpeg,Birds,2
Birds\singleBirdinsky194.jpeg,Birds,0
Birds\singleBirdinsky195.jpeg,Birds,0
Birds\singleBirdinsky196.jpeg,Birds,0
Birds\singleBirdinsky197.jpeg,Birds,0
Birds\singleBirdinsky198.jpeg,Birds,1
Birds\singleBirdinsky199.jpeg,Birds,2
Birds\singleBirdinsky2.jpeg,Birds,0
Birds\singleBirdinsky20.jpeg,Birds,0
Birds\singleBirdinsky200.jpeg,Birds,0
Birds\singleBirdinsky201.jpeg,Birds,2
Birds\singleBirdinsky202.jpeg,Birds,0
Birds\singleBirdinsky203.jpeg,Birds,1
Birds\singleBirdinsky204.jpeg,Birds,0
Birds\singleBirdinsky205.jpeg,Birds,0
Birds\singleBirdinsky206.jpeg,Birds,1
Birds\singleBirdinsky207.jpeg,Birds,0
Birds\singleBirdinsky208.jpeg,Birds,2
Birds\singleBirdinsky209.jpeg,Birds,1
Birds\singleBirdinsky21.jpeg,Birds,2
Birds\singleBirdinsky210.jpeg,Birds,0
Birds\singleBirdinsky211.jpeg,Birds,0
Birds\singleBirdinsky212.jpeg,Birds,2
Birds\singleBirdinsky213.jpeg,Birds,2
Birds\singleBirdinsky214.jpeg,Birds,0
Birds\singleBirdinsky215.jpeg,Birds,0
Birds\singleBirdinsky216.jpeg,Birds,0
Birds\singleBirdinsky217.jpeg,Birds,0
Birds\singleBirdinsky218.jpeg,Birds,0
Birds\singleBirdinsky219.jpeg,Birds,0
Birds\singleBirdinsky22.jpeg,Birds,0
Birds\singleBirdinsky220.jpeg,Birds,2
Birds\singleBirdinsky221.jpeg,Birds,2
Birds\singleBirdinsky222.jpeg,Birds,0
Birds\singleBirdinsky223.jpeg,Birds,2
Birds\singleBirdinsky224.jpeg,Birds,1
Birds\singleBirdinsky225.jpeg,Birds,0
Birds\singleBirdinsky226.jpeg,Birds,0
Birds\singleBirdinsky227.jpeg,Birds,0
Birds\singleBirdinsky228.jpeg,Birds,1
Birds\singleBirdinsky229.jpeg,Birds,0
Birds\singleBirdinsky23.jpeg,Birds,0
Birds\singleBirdinsky230.jpeg,Birds,2
Birds\singleBirdinsky231.jpeg,Birds,0
Birds\singleBirdinsky232.jpeg,Birds,1
Birds\singleBirdinsky233.jpeg,Birds,0
Birds\singleBirdinsky234.jpeg,Birds,2
Birds\singleBirdinsky235.jpeg,Birds,2
Birds\singleBirdinsky236.jpeg,Birds,2
Birds\singleBirdinsky237.jpeg,Birds,2
Birds\singleBirdinsky238.jpeg,Birds,2
Birds\singleBirdinsky239.jpeg,Birds,0
Birds\singleBirdinsky24.jpeg,Birds,2
Birds\singleBirdinsky240.jpeg,Birds,2
Birds\singleBirdinsky241.jpeg,Birds,1
Birds\singleBirdinsky242.jpeg,Birds,0
Birds\singleBirdinsky243.jpeg,Birds,0
Birds\singleBirdinsky244.jpeg,Birds,2
Birds\singleBirdinsky245.jpeg,Birds,0
Birds\singleBirdinsky246.jpeg,Birds,0
Birds\singleBirdinsky247.jpeg,Birds,0
Birds\singleBirdinsky248.jpeg,Birds,1
Birds\singleBirdinsky249.jpeg,Birds,0
Birds\singleBirdinsky25.jpeg,Birds,0
Birds\singleBirdinsky250.jpeg,Birds,1
Birds\singleBirdinsky251.jpeg,Birds,0
Birds\singleBirdinsky252.jpeg,Birds,2
Birds\singleBirdinsky253.jpeg,Birds,2
Birds\singleBirdinsky254.jpeg,Birds,0
Birds\singleBirdinsky255.jpeg,Birds,0
Birds\singleBirdinsky256.jpeg,Birds,0
Birds\singleBirdinsky257.jpeg,Birds,1
Birds\singleBirdinsky258.jpeg,Birds,1
Birds\singleBirdinsky259.jpeg,Birds,0
Birds\singleBirdinsky26.jpeg,Birds,0
Birds\singleBirdinsky260.jpeg,Birds,0
Birds\singleBirdinsky261.jpeg,Birds,0
Birds\singleBirdinsky262.jpeg,Birds,0
Birds\singleBirdinsky263.jpeg,Birds,0
Birds\singleBirdinsky264.jpeg,Birds,2
Birds\singleBirdinsky265.jpeg,Birds,1
Birds\singleBirdinsky266.jpeg,Birds,0
Birds\singleBirdinsky267.jpeg,Birds,0
Birds\singleBirdinsky268.jpeg,Birds,2
Birds\singleBirdinsky269.jpeg,Birds,0
Birds\singleBirdinsky27.jpeg,Birds,0
Birds\singleBirdinsky270.jpeg,Birds,0
Birds\singleBirdinsky271.jpeg,Birds,0
Birds\singleBirdinsky272.jpeg,Birds,1
Birds\singleBirdinsky273.jpeg,Birds,1
Birds\singleBirdinsky274.jpeg,Birds,0
Birds\singleBirdinsky275.jpeg,Birds,0
Birds\singleBirdinsky276.jpeg,Birds,1
Birds\singleBirdinsky277.jpeg,Birds,1
Birds\singleBirdinsky278.jpeg,Birds,0
Birds\singleBirdinsky279.jpeg,Birds,1
Birds\singleBirdinsky28.jpeg,Birds,0
Birds\singleBirdinsky280.jpeg,Birds,1
Birds\singleBirdinsky281.jpeg,Birds,1
Birds\singleBirdinsky282.jpeg,Birds,2
Birds\singleBirdinsky283.jpeg,Birds,2
Birds\singleBirdinsky284.jpeg,Birds,1
Birds\singleBirdinsky285.jpeg,Birds,1
Birds\singleBirdinsky286.jpeg,Birds,2
Birds\singleBirdinsky287.jpeg,Birds,1
Birds\singleBirdinsky288.jpeg,Birds,0
Birds\singleBirdinsky289.jpeg,Birds,2
Birds\singleBirdinsky29.jpeg,Birds,0
Birds\singleBirdinsky290.jpeg,Birds,0
Birds\singleBirdinsky291.jpeg,Birds,0
Birds\singleBirdinsky292.jpeg,Birds,2
Birds\singleBirdinsky293.jpeg,Birds,1
Birds\singleBirdinsky294.jpeg,Birds,1
Birds\singleBirdinsky295.jpeg,Birds,0
Birds\singleBirdinsky296.jpeg,Birds,0
Birds\singleBirdinsky297.jpeg,Birds,0
Birds\singleBirdinsky298.jpeg,Birds,0
Birds\singleBirdinsky299.jpeg,Birds,0
Birds\singleBirdinsky3.jpeg,Birds,0
Birds\singleBirdinsky30.jpeg,Birds,2
Birds\singleBirdinsky300.jpeg,Birds,0
Birds\singleBirdinsky301.jpeg,Birds,1
Birds\singleBirdinsky302.jpeg,Birds,2
Birds\singleBirdinsky303.jpeg,Birds,1
Birds\singleBirdinsky304.jpeg,Birds,0
Birds\singleBirdinsky305.jpeg,Birds,2
Birds\singleBirdinsky306.jpeg,Birds,0
Birds\singleBirdinsky307.jpeg,Birds,2
Birds\singleBirdinsky308.jpeg,Birds,1
Birds\singleBirdinsky309.jpeg,Birds,2
Birds\singleBirdinsky31.jpeg,Birds,2
Birds\singleBirdinsky310.jpeg,Birds,2
Birds\singleBirdinsky311.jpeg,Birds,0
Birds\singleBirdinsky312.jpeg,Birds,2
Birds\singleBirdinsky313.jpeg,Birds,1
Birds\singleBirdinsky314.jpeg,Birds,1
Birds\singleBirdinsky315.jpeg,Birds,0
Birds\singleBirdinsky316.jpeg,Birds,2
Birds\singleBirdinsky317.jpeg,Birds,0
Birds\singleBirdinsky318.jpeg,Birds,0
Birds\singleBirdinsky319.jpeg,Birds,0
Birds\singleBirdinsky32.jpeg,Birds,1
Birds\singleBirdinsky320.jpeg,Birds,0
Birds\singleBirdinsky321.jpeg,Birds,0
Birds\singleBirdinsky322.jpeg,Birds,0
Birds\singleBirdinsky323.jpeg,Birds,0
Birds\singleBirdinsky324.jpeg,Birds,0
Birds\singleBirdinsky325.jpeg,Birds,1
Birds\singleBirdinsky326.jpeg,Birds,2
Birds\singleBirdinsky327.jpeg,Birds,1
Birds\singleBirdinsky328.jpeg,Birds,2
Birds\singleBirdinsky329.jpeg,Birds,0
Birds\singleBirdinsky33.jpeg,Birds,1
Birds\singleBirdinsky330.jpeg,Birds,1
Birds\singleBirdinsky331.jpeg,Birds,1
Birds\singleBirdinsky332.jpeg,Birds,0
Birds\singleBirdinsky333.jpeg,Birds,1
Birds\singleBirdinsky334.jpeg,Birds,1
Birds\singleBirdinsky335.jpeg,Birds,0
Birds\singleBirdinsky336.jpeg,Birds,2
Birds\singleBirdinsky337.jpeg,Birds,1
Birds\singleBirdinsky338.jpeg,Birds,0
Birds\singleBirdinsky339.jpeg,Birds,1
Birds\singleBirdinsky34.jpeg,Birds,0
Birds\singleBirdinsky340.jpeg,Birds,2
Birds\singleBirdinsky341.jpeg,Birds,2
Birds\singleBirdinsky342.png,Birds,0
Birds\singleBirdinsky343.jpeg,Birds,0
Birds\singleBirdinsky344.jpeg,Birds,2
Birds\singleBirdinsky345.jpeg,Birds,2
Birds\singleBirdinsky346.jpeg,Birds,2
Birds\singleBirdinsky347.jpeg,Birds,2
Birds\singleBirdinsky348.jpeg,Birds,1
Birds\singleBirdinsky349.jpeg,Birds,1
Birds\singleBirdinsky35.jpeg,Birds,0
Birds\singleBirdinsky350.jpeg,Birds,0
Birds\singleBirdinsky351.jpeg,Birds,2
Birds\singleBirdinsky352.jpeg,Birds,2
Birds\singleBirdinsky353.jpeg,Birds,0
Birds\singleBirdinsky354.png,Birds,0
Birds\singleBirdinsky355.jpeg,Birds,0
Birds\singleBirdinsky356.jpeg,Birds,1
Birds\singleBirdinsky357.jpeg,Birds,1
Birds\singleBirdinsky358.jpeg,Birds,0
Birds\singleBirdinsky359.jpeg,Birds,1
Birds\singleBirdinsky36.jpeg,Birds,0
Birds\singleBirdinsky360.jpeg,Birds,0
Birds\singleBirdinsky361.jpeg,Birds,1
Birds\singleBirdinsky362.jpeg,Birds,2
Birds\singleBirdinsky363.jpeg,Birds,0
Birds\singleBirdinsky364.jpeg,Birds,2
Birds\singleBirdinsky365.jpeg,Birds,0
Birds\singleBirdinsky366.jpeg,Birds,0
Birds\singleBirdinsky367.jpeg,Birds,0
Birds\singleBirdinsky368.jpeg,Birds,2
Birds\singleBirdinsky369.jpeg,Birds,2
Birds\singleBirdinsky37.jpeg,Birds,0
Birds\singleBirdinsky370.jpeg,Birds,2
Birds\singleBirdinsky371.jpeg,Birds,2
Birds\singleBirdinsky372.jpeg,Birds,1
Birds\singleBirdinsky373.jpeg,Birds,0
Birds\singleBirdinsky374.jpeg,Birds,2
Birds\singleBirdinsky375.jpeg,Birds,1
Birds\singleBirdinsky376.jpeg,Birds,1
Birds\singleBirdinsky377.jpeg,Birds,2
Birds\singleBirdinsky378.jpeg,Birds,1
Birds\singleBirdinsky379.jpeg,Birds,2
Birds\singleBirdinsky38.jpeg,Birds,0
Birds\singleBirdinsky380.jpeg,Birds,0
Birds\singleBirdinsky381.jpeg,Birds,2
Birds\singleBirdinsky382.jpeg,Birds,1
Birds\singleBirdinsky383.jpeg,Birds,2
Birds\singleBirdinsky384.jpeg,Birds,0
Birds\singleBirdinsky385.jpeg,Birds,0
Birds\singleBirdinsky386.jpeg,Birds,2
Birds\singleBirdinsky387.jpeg,Birds,1
Birds\singleBirdinsky388.jpeg,Birds,2
Birds\singleBirdinsky389.jpeg,Birds,0
Birds\singleBirdinsky39.jpeg,Birds,1
Birds\singleBirdinsky390.jpeg,Birds,0
Birds\singleBirdinsky391.jpeg,Birds,2
Birds\singleBirdinsky392.jpeg,Birds,2
Birds\singleBirdinsky393.jpeg,Birds,1
Birds\singleBirdinsky394.jpeg,Birds,1
Birds\singleBirdinsky395.jpeg,Birds,1
Birds\singleBirdinsky396.jpeg,Birds,0
Birds\singleBirdinsky397.jpeg,Birds,2
Birds\singleBirdinsky398.jpeg,Birds,0
Birds\singleBirdinsky399.jpeg,Birds,0
Birds\singleBirdinsky4.jpeg,Birds,1
Birds\singleBirdinsky40.jpeg,Birds,2
Birds\singleBirdinsky400.jpeg,Birds,0
Birds\singleBirdinsky401.jpeg,Birds,0
Birds\singleBirdinsky402.jpeg,Birds,0
Birds\singleBirdinsky403.jpeg,Birds,1
Birds\singleBirdinsky404.jpeg,Birds,2
Birds\singleBirdinsky405.jpeg,Birds,1
Birds\singleBirdinsky406.jpeg,Birds,0
Birds\singleBirdinsky408.jpeg,Birds,0
Birds\singleBirdinsky409.jpeg,Birds,1
Birds\singleBirdinsky41.jpeg,Birds,2
Birds\singleBirdinsky410.jpeg,Birds,0
Birds\singleBirdinsky411.jpeg,Birds,2
Birds\singleBirdinsky412.jpeg,Birds,1
Birds\singleBirdinsky413.jpeg,Birds,2
Birds\singleBirdinsky414.jpeg,Birds,1
Birds\singleBirdinsky415.jpeg,Birds,2
Birds\singleBirdinsky416.jpeg,Birds,0
Birds\singleBirdinsky417.jpeg,Birds,0
Birds\singleBirdinsky418.jpeg,Birds,1
Birds\singleBirdinsky419.jpeg,Birds,0
Birds\singleBirdinsky42.jpeg,Birds,1
Birds\singleBirdinsky420.jpeg,Birds,0
Birds\singleBirdinsky421.jpeg,Birds,0
Birds\singleBirdinsky422.jpeg,Birds,0
Birds\singleBirdinsky423.jpeg,Birds,0
Birds\singleBirdinsky424.jpeg,Birds,1
Birds\singleBirdinsky425.jpeg,Birds,1
Birds\singleBirdinsky426.jpeg,Birds,1
Birds\singleBirdinsky427.jpeg,Birds,1
Birds\singleBirdinsky428.jpeg,Birds,2
Birds\singleBirdinsky429.jpeg,Birds,0
Birds\singleBirdinsky43.jpeg,Birds,1
Birds\singleBirdinsky430.jpeg,Birds,1
Birds\singleBirdinsky431.jpeg,Birds,1
Birds\singleBirdinsky432.jpeg,Birds,0
Birds\singleBirdinsky433.jpeg,Birds,2
Birds\singleBirdinsky434.jpeg,Birds,1
Birds\singleBirdinsky435.jpeg,Birds,2
Birds\singleBirdinsky436.jpeg,Birds,2
Birds\singleBirdinsky437.jpeg,Birds,2
Birds\singleBirdinsky438.jpeg,Birds,2
Birds\singleBirdinsky439.jpeg,Birds,0
Birds\singleBirdinsky44.jpeg,Birds,1
Birds\singleBirdinsky440.jpeg,Birds,2
Birds\singleBirdinsky441.jpeg,Birds,1
Birds\singleBirdinsky442.jpeg,Birds,0
Birds\singleBirdinsky443.jpeg,Birds,0
Birds\singleBirdinsky444.jpeg,Birds,2
Birds\singleBirdinsky445.jpeg,Birds,0
Birds\singleBirdinsky446.jpeg,Birds,0
Birds\singleBirdinsky447.jpeg,Birds,0
Birds\singleBirdinsky448.jpeg,Birds,1
Birds\singleBirdinsky449.jpeg,Birds,0
Birds\singleBirdinsky45.jpeg,Birds,1
Birds\singleBirdinsky450.jpeg,Birds,1
Birds\singleBirdinsky451.jpeg,Birds,0
Birds\singleBirdinsky452.jpeg,Birds,0
Birds\singleBirdinsky453.jpeg,Birds,0
Birds\singleBirdinsky454.jpeg,Birds,0
Birds\singleBirdinsky455.jpeg,Birds,1
Birds\singleBirdinsky456.jpeg,Birds,0
Birds\singleBirdinsky457.jpeg,Birds,0
Birds\singleBirdinsky458.jpeg,Birds,1
Birds\singleBirdinsky459.jpeg,Birds,1
Birds\singleBirdinsky46.jpeg,Birds,2
Birds\singleBirdinsky460.jpeg,Birds,0
Birds\singleBirdinsky461.jpeg,Birds,1
Birds\singleBirdinsky462.jpeg,Birds,1
Birds\singleBirdinsky463.jpeg,Birds,1
Birds\singleBirdinsky464.jpeg,Birds,2
Birds\singleBirdinsky465.jpeg,Birds,2
Birds\singleBirdinsky466.jpeg,Birds,1
Birds\singleBirdinsky467.jpeg,Birds,1
Birds\singleBirdinsky469.jpeg,Birds,2
Birds\singleBirdinsky47.jpeg,Birds,2
Birds\singleBirdinsky470.jpeg,Birds,1
Birds\singleBirdinsky471.jpeg,Birds,0
Birds\singleBirdinsky472.jpeg,Birds,2
Birds\singleBirdinsky473.jpeg,Birds,0
Birds\singleBirdinsky474.jpeg,Birds,0
Birds\singleBirdinsky475.jpeg,Birds,2
Birds\singleBirdinsky476.jpeg,Birds,1
Birds\singleBirdinsky477.jpeg,Birds,1
Birds\singleBirdinsky478.jpeg,Birds,0
Birds\singleBirdinsky479.jpeg,Birds,0
Birds\singleBirdinsky48.jpeg,Birds,2
Birds\singleBirdinsky480.jpeg,Birds,0
Birds\singleBirdinsky481.jpeg,Birds,0
Birds\singleBirdinsky482.jpeg,Birds,0
Birds\singleBirdinsky483.jpeg,Birds,0
Birds\singleBirdinsky484.jpeg,Birds,1
Birds\singleBirdinsky485.jpeg,Birds,2
Birds\singleBirdinsky486.jpeg,Birds,1
Birds\singleBirdinsky487.jpeg,Birds,0
Birds\singleBirdinsky488.jpeg,Birds,2
Birds\singleBirdinsky489.jpeg,Birds,0
Birds\singleBirdinsky49.jpeg,Birds,1
Birds\singleBirdinsky490.jpeg,Birds,2
Birds\singleBirdinsky491.jpeg,Birds,1
Birds\singleBirdinsky492.jpeg,Birds,2
Birds\singleBirdinsky493.jpeg,Birds,2
Birds\singleBirdinsky494.jpeg,Birds,0
Birds\singleBirdinsky495.jpeg,Birds,2
Birds\singleBirdinsky496.jpeg,Birds,1
Birds\singleBirdinsky497.jpeg,Birds,1
Birds\singleBirdinsky498.jpeg,Birds,0
Birds\singleBirdinsky499.jpeg,Birds,2
Birds\singleBirdinsky5.jpeg,Birds,0
Birds\singleBirdinsky50.jpeg,Birds,0
Birds\singleBirdinsky500.jpeg,Birds,0
Birds\singleBirdinsky501.jpeg,Birds,0
Birds\singleBirdinsky502.jpeg,Birds,0
Birds\singleBirdinsky503.jpeg,Birds,0
Birds\singleBirdinsky504.jpeg,Birds,0
Birds\singleBirdinsky505.jpeg,Birds,0
Birds\singleBirdinsky506.jpeg,Birds,0
Birds\singleBirdinsky507.jpeg,Birds,0
Birds\singleBirdinsky508.jpeg,Birds,1
Birds\singleBirdinsky509.jpeg,Birds,2
Birds\singleBirdinsky51.jpeg,Birds,1
Birds\singleBirdinsky510.jpeg,Birds,1
Birds\singleBirdinsky511.jpeg,Birds,2
Birds\singleBirdinsky512.jpeg,Birds,0
Birds\singleBirdinsky513.jpeg,Birds,1
Birds\singleBirdinsky514.jpeg,Birds,1
Birds\singleBirdinsky515.jpeg,Birds,0
Birds\singleBirdinsky516.jpeg,Birds,1
Birds\singleBirdinsky517.jpeg,Birds,1
Birds\singleBirdinsky518.jpeg,Birds,0
Birds\singleBirdinsky519.jpeg,Birds,2
Birds\singleBirdinsky52.jpeg,Birds,2
Birds\singleBirdinsky520.jpeg,Birds,1
Birds\singleBirdinsky521.jpeg,Birds,0
Birds\singleBirdinsky522.jpeg,Birds,1
Birds\singleBirdinsky523.jpeg,Birds,2
Birds\singleBirdinsky524.jpeg,Birds,2
Birds\singleBirdinsky525.png,Birds,0
Birds\singleBirdinsky526.jpeg,Birds,0
Birds\singleBirdinsky527.jpeg,Birds,2
Birds\singleBirdinsky528.jpeg,Birds,2
Birds\singleBirdinsky529.jpeg,Birds,2
Birds\singleBirdinsky53.jpeg,Birds,0
Birds\singleBirdinsky530.jpeg,Birds,2
Birds\singleBirdinsky531.jpeg,Birds,1
Birds\singleBirdinsky532.jpeg,Birds,1
Birds\singleBirdinsky533.jpeg,Birds,0
Birds\singleBirdinsky534.jpeg,Birds,2
Birds\singleBirdinsky535.jpeg,Birds,2
Birds\singleBirdinsky536.jpeg,Birds,0
Birds\singleBirdinsky537.png,Birds,0
Birds\singleBirdinsky538.jpeg,Birds,0
Birds\singleBirdinsky539.jpeg,Birds,1
Birds\singleBirdinsky54.jpeg,Birds,1
Birds\singleBirdinsky540.jpeg,Birds,1
Birds\singleBirdinsky541.jpeg,Birds,0
Birds\singleBirdinsky542.jpeg,Birds,1
Birds\singleBirdinsky543.jpeg,Birds,0
Birds\singleBirdinsky544.jpeg,Birds,1
Birds\singleBirdinsky545.jpeg,Birds,2
Birds\singleBirdinsky546.jpeg,Birds,0
Birds\singleBirdinsky547.jpeg,Birds,2
Birds\singleBirdinsky548.jpeg,Birds,0
Birds\singleBirdinsky549.jpeg,Birds,0
Birds\singleBirdinsky55.jpeg,Birds,1
Drones\1.JPEG,Drones,2
Drones\10.JPEG,Drones,2
Drones\100.JPEG,Drones,1
Drones\101.JPEG,Drones,2
Drones\102.JPEG,Drones,1
Drones\103.JPEG,Drones,2
Drones\104.JPEG,Drones,2
Drones\105.JPEG,Drones,2
Drones\106.JPEG,Drones,1
Drones\107.JPEG,Drones,1
Drones\108.JPEG,Drones,2
Drones\109.JPEG,Drones,2
Drones\11.JPEG,Drones,2
Drones\110.JPEG,Drones,2
Drones\111.JPEG,Drones,2
Drones\112.JPEG,Drones,1
Drones\114.JPEG,Drones,2
Drones\115.JPEG,Drones,2
Drones\116.JPEG,Drones,1
Drones\117.JPEG,Drones,2
Drones\118.JPEG,Drones,1
Drones\119.JPEG,Drones,2
Drones\120.JPEG,Drones,1
Drones\123.JPEG,Drones,1
Drones\124.JPEG,Drones,2
Drones\125.JPEG,Drones,2
Drones\126.JPEG,Drones,1
Drones\127.JPEG,Drones,1
Drones\128.JPEG,Drones,1
Drones\130.JPEG,Drones,1
Drones\131.JPEG,Drones,2
Drones\132.JPEG,Drones,1
Drones\135.JPEG,Drones,2
Drones\136.JPEG,Drones,1
Drones\139.JPEG,Drones,2
Drones\14.JPEG,Drones,1
Drones\140.JPEG,Drones,2
Drones\141.JPEG,Drones,1
Drones\142.JPEG,Drones,2
Drones\144.JPEG,Drones,1
Drones\145.JPEG,Drones,2
Drones\148.JPEG,Drones,0
Drones\150.JPEG,Drones,1
Drones\151.JPEG,Drones,1
Drones\152.JPEG,Drones,0
Drones\153.JPEG,Drones,1
Drones\155.JPEG,Drones,2
Drones\156.JPEG,Drones,2
Drones\157.JPEG,Drones,1
Drones\158.JPEG,Drones,2
Drones\159.JPEG,Drones,1
Drones\160.JPEG,Drones,2
Drones\162.JPEG,Drones,2
Drones\163.JPEG,Drones,2
Drones\164.JPEG,Drones,2
Drones\165.JPEG,Drones,1
Drones\166.JPEG,Drones,1
Drones\167.JPEG,Drones,0
Drones\168.JPEG,Drones,2
Drones\171.JPEG,Drones,1
Drones\172.JPEG,Drones,2
Drones\174.JPEG,Drones,0
Drones\175.JPEG,Drones,2
Drones\176.JPEG,Drones,2
Drones\178.JPEG,Drones,1
Drones\179.JPEG,Drones,1
Drones\180.JPEG,Drones,2
Drones\181.JPEG,Drones,2
Drones\182.JPEG,Drones,2
Drones\183.JPEG,Drones,0
Drones\187.JPEG,Drones,1
Drones\188.JPEG,Drones,1
Drones\19.JPEG,Drones,2
Drones\190.JPEG,Drones,1
Drones\191.JPEG,Drones,1
Drones\193.JPEG,Drones,1
Drones\195.JPEG,Drones,1
Drones\198.JPEG,Drones,1
Drones\2.JPEG,Drones,2
Drones\20.JPEG,Drones,0
Drones\200.JPEG,Drones,1
Drones\201.JPEG,Drones,2
Drones\202.JPEG,Drones,0
Drones\203.JPEG,Drones,2
Drones\206.JPEG,Drones,1
Drones\207.JPEG,Drones,2
Drones\208.JPEG,Drones,1
Drones\21.JPEG,Drones,2
Drones\210.JPEG,Drones,1
Drones\211.JPEG,Drones,1
Drones\212.JPEG,Drones,2
Drones\213.JPEG,Drones,1
Drones\215.JPEG,Drones,2
Drones\216.JPEG,Drones,2
Drones\217.JPEG,Drones,1
Drones\219.JPEG,Drones,2
Drones\220.JPEG,Drones,1
Drones\222.JPEG,Drones,2
Drones\224.JPEG,Drones,1
Drones\225.JPEG,Drones,1
Drones\226.JPEG,Drones,0
Drones\229.JPEG,Drones,1
Drones\23.JPEG,Drones,1
Drones\230.JPEG,Drones,2
Drones\231.JPEG,Drones,2
Drones\234.JPEG,Drones,1
Drones\236.JPEG,Drones,1
Drones\237.JPEG,Drones,2
Drones\238.JPEG,Drones,2
Drones\239.JPEG,Drones,2
Drones\24.JPEG,Drones,1
Drones\240.JPEG,Drones,0
Drones\241.JPEG,Drones,2
Drones\242.JPEG,Drones,2
Drones\243.JPEG,Drones,1
Drones\244.JPEG,Drones,2
Drones\245.JPEG,Drones,2
Drones\246.JPEG,Drones,2
Drones\247.JPEG,Drones,2
Drones\248.JPEG,Drones,2
Drones\249.JPEG,Drones,1
Drones\25.JPEG,Drones,2
Drones\250.JPEG,Drones,2
Drones\252.JPEG,Drones,2
Drones\253.JPEG,Drones,1
Drones\254.JPEG,Drones,1
Drones\255.JPEG,Drones,1
Drones\257.JPEG,Drones,2
Drones\258.JPEG,Drones,2
Drones\259.JPEG,Drones,1
Drones\26.JPEG,Drones,2
Drones\260.JPEG,Drones,2
Drones\261.JPEG,Drones,2
Drones\262.JPEG,Drones,1
Drones\263.JPEG,Drones,2
Drones\264.JPEG,Drones,2
Drones\266.JPEG,Drones,1
Drones\267.JPEG,Drones,2
Drones\268.JPEG,Drones,2
Drones\269.JPEG,Drones,1
Drones\27.JPEG,Drones,2
Drones\270.JPEG,Drones,1
Drones\271.JPEG,Drones,2
Drones\272.JPEG,Drones,2
Drones\273.JPEG,Drones,0
Drones\274.JPEG,Drones,1
Drones\275.JPEG,Drones,2
Drones\276.JPEG,Drones,1
Drones\277.JPEG,Drones,2
Drones\278.JPEG,Drones,1
Drones\279.JPEG,Drones,1
Drones\28.JPEG,Drones,1
Drones\280.JPEG,Drones,1
Drones\281.JPEG,Drones,1
Drones\282.JPEG,Drones,1
Drones\283.JPEG,Drones,2
Drones\284.JPEG,Drones,0
Drones\285.JPEG,Drones,2
Drones\286.JPEG,Drones,2
Drones\288.JPEG,Drones,2
Drones\289.JPEG,Drones,1
Drones\29 - Copy.JPEG,Drones,2
Drones\29.JPEG,Drones,2
Drones\290.JPEG,Drones,1
Drones\291.JPEG,Drones,2
Drones\3.JPEG,Drones,1
Drones\30.JPEG,Drones,2
Drones\300.JPEG,Drones,1
Drones\301.JPEG,Drones,2
Drones\302.JPEG,Drones,1
Drones\303.JPEG,Drones,2
Drones\304.JPEG,Drones,2
Drones\305.JPEG,Drones,1
Drones\306.JPEG,Drones,2
Drones\307.JPEG,Drones,2
Drones\308.JPEG,Drones,1
Drones\309.JPEG,Drones,2
Drones\31.JPEG,Drones,1
Drones\310.JPEG,Drones,2
Drones\311.JPEG,Drones,1
Drones\312.JPEG,Drones,1
Drones\313.JPEG,Drones,1
Drones\314.JPEG,Drones,2
Drones\315.JPEG,Drones,2
Drones\316.JPEG,Drones,2
Drones\317.JPEG,Drones,1
Drones\318.JPEG,Drones,1
Drones\319.JPEG,Drones,2
Drones\32.JPEG,Drones,2
Drones\321.JPEG,Drones,2
Drones\322.JPEG,Drones,1
Drones\323.JPEG,Drones,1
Drones\324.JPEG,Drones,1
Drones\325.JPEG,Drones,0
Drones\326.JPEG,Drones,1
Drones\327.JPEG,Drones,2
Drones\328.JPEG,Drones,1
Drones\329.JPEG,Drones,2
Drones\33.JPEG,Drones,2
Drones\330.JPEG,Drones,2
Drones\331.JPEG,Drones,2
Drones\332.JPEG,Drones,1
Drones\333.JPEG,Drones,1
Drones\334.JPEG,Drones,2
Drones\335.JPEG,Drones,2
Drones\336.JPEG,Drones,2
Drones\337.JPEG,Drones,2
Drones\338.JPEG,Drones,1
Drones\339.JPEG,Drones,2
Drones\34.JPEG,Drones,2
Drones\340.JPEG,Drones,2
Drones\341.JPEG,Drones,1
Drones\342.JPEG,Drones,2
Drones\343.JPEG,Drones,1
Drones\344.JPEG,Drones,2
Drones\345.JPEG,Drones,1
Drones\346.JPEG,Drones,1
Drones\347.JPEG,Drones,2
Drones\348.JPEG,Drones,2
Drones\349.JPEG,Drones,1
Drones\35.JPEG,Drones,2
Drones\350.JPEG,Drones,1
Drones\351.JPEG,Drones,1
Drones\352.JPEG,Drones,1
Drones\353.JPEG,Drones,2
Drones\354.JPEG,Drones,1
Drones\355.JPEG,Drones,2
Drones\356.JPEG,Drones,1
Drones\358.JPEG,Drones,2
Drones\359.JPEG,Drones,2
Drones\36.JPEG,Drones,2
Drones\360.JPEG,Drones,1
Drones\361.JPEG,Drones,2
Drones\362.JPEG,Drones,1
Drones\363.JPEG,Drones,2
Drones\364.JPEG,Drones,0
Drones\365.JPEG,Drones,1
Drones\366.JPEG,Drones,1
Drones\367.JPEG,Drones,0
Drones\368.png,Drones,0
Drones\369.png,Drones,0
Drones\370.png,Drones,0
Drones\371.png,Drones,0
Drones\372.png,Drones,0
Drones\373.png,Drones,0
Drones\374.png,Drones,1
Drones\375.png,Drones,0
Drones\376.png,Drones,0
Drones\377.png,Drones,0
Drones\378.png,Drones,0
Drones\379.png,Drones,0
Drones\38.JPEG,Drones,1
Drones\380.png,Drones,0
Drones\381.png,Drones,0
Drones\382.png,Drones,0
Drones\383.png,Drones,0
Drones\384.png,Drones,0
Drones\385.png,Drones,0
Drones\386.png,Drones,0
Drones\387.png,Drones,0
Drones\388.png,Drones,0
Drones\389.png,Drones,0
Drones\39.JPEG,Drones,1
Drones\390.png,Drones,0
Drones\391.png,Drones,0
Drones\393.JPEG,Drones,1
Drones\394.JPEG,Drones,2
Drones\395.JPEG,Drones,2
Drones\396.JPEG,Drones,1
Drones\397.JPEG,Drones,2
Drones\398.JPEG,Drones,1
Drones\399.JPEG,Drones,2
Drones\4.JPEG,Drones,2
Drones\40.JPEG,Drones,1
Drones\401.JPEG,Drones,2
Drones\402.JPEG,Drones,2
Drones\403.JPEG,Drones,2
Drones\404.JPEG,Drones,1
Drones\405.JPEG,Drones,1
Drones\406.JPEG,Drones,0
Drones\407.JPEG,Drones,2
Drones\408.JPEG,Drones,1
Drones\409.JPEG,Drones,2
Drones\41.JPEG,Drones,2
Drones\410.JPEG,Drones,0
Drones\411.JPEG,Drones,2
Drones\412.JPEG,Drones,2
Drones\413.JPEG,Drones,1
Drones\414.JPEG,Drones,1
Drones\415.JPEG,Drones,2
Drones\416.JPEG,Drones,2
Drones\417.JPEG,Drones,2
Drones\418.JPEG,Drones,0
Drones\42.JPEG,Drones,1
Drones\421.JPEG,Drones,1
Drones\422.JPEG,Drones,1
Drones\423.JPEG,Drones,1
Drones\424.JPEG,Drones,1
Drones\425.JPEG,Drones,1
Drones\426.JPEG,Drones,1
Drones\427.JPEG,Drones,1
Drones\428.JPEG,Drones,1
Drones\429.JPEG,Drones,2
Drones\43.JPEG,Drones,2
Drones\430.JPEG,Drones,0
Drones\431.JPEG,Drones,2
Drones\432.JPEG,Drones,1
Drones\433.JPEG,Drones,2
Drones\434.JPEG,Drones,1
Drones\435.JPEG,Drones,1
Drones\436.JPEG,Drones,1
Drones\437.JPEG,Drones,2
Drones\438.JPEG,Drones,1
Drones\439.JPEG,Drones,1
Drones\44.JPEG,Drones,1
Drones\440.JPEG,Drones,1
Drones\441.JPEG,Drones,2
Drones\442.JPEG,Drones,2
Drones\443.JPEG,Drones,1
Drones\444.JPEG,Drones,2
Drones\445.JPEG,Drones,1
Drones\446.JPEG,Drones,2
Drones\447.JPEG,Drones,1
Drones\448.JPEG,Drones,1
Drones\449.JPEG,Drones,1
Drones\45.JPEG,Drones,1
Drones\450.JPEG,Drones,1
Drones\451.JPEG,Drones,0
Drones\452.JPEG,Drones,2
Drones\453.JPEG,Drones,2
Drones\454.JPEG,Drones,1
Drones\455.JPEG,Drones,2
Drones\456.JPEG,Drones,2
Drones\459.JPEG,Drones,1
Drones\46.JPEG,Drones,0
Drones\460.JPEG,Drones,1
Drones\461.JPEG,Drones,2
Drones\462.JPEG,Drones,2
Drones\463.JPEG,Drones,2
Drones\464.JPEG,Drones,0
Drones\465.JPEG,Drones,2
Drones\466.JPEG,Drones,2
Drones\467.JPEG,Drones,1
Drones\468.JPEG,Drones,2
Drones\469.JPEG,Drones,2
Drones\47.JPEG,Drones,2
Drones\470.JPEG,Drones,2
Drones\471.JPEG,Drones,2
Drones\472.JPEG,Drones,2
Drones\473.JPEG,Drones,1
Drones\474.JPEG,Drones,2
Drones\475.JPEG,Drones,2
Drones\476.JPEG,Drones,1
Drones\477.JPEG,Drones,1
Drones\478.JPEG,Drones,1
Drones\479.JPEG,Drones,2
Drones\48.JPEG,Drones,1
Drones\480.JPEG,Drones,2
Drones\481.JPEG,Drones,1
Drones\482.JPEG,Drones,2
Drones\483.JPEG,Drones,2
Drones\484.JPEG,Drones,1
Drones\485.JPEG,Drones,2
Drones\486.JPEG,Drones,2
Drones\487.JPEG,Drones,1
Drones\488.JPEG,Drones,2
Drones\489.JPEG,Drones,2
Drones\49.JPEG,Drones,1
Drones\490.JPEG,Drones,1
Drones\491.JPEG,Drones,1
Drones\492.JPEG,Drones,2
Drones\493.JPEG,Drones,2
Drones\494.JPEG,Drones,0
Drones\495.JPEG,Drones,1
Drones\496.JPEG,Drones,2
Drones\497.JPEG,Drones,1
Drones\498.JPEG,Drones,2
Drones\499.JPEG,Drones,1
Drones\5.JPEG,Drones,0
Drones\50.JPEG,Drones,2
Drones\500.JPEG,Drones,1
Drones\501.JPEG,Drones,1
Drones\502.JPEG,Drones,1
Drones\503.JPEG,Drones,1
Drones\504.JPEG,Drones,2
Drones\505.JPEG,Drones,0
Drones\506.JPEG,Drones,2
Drones\507.JPEG,Drones,2
Drones\509.JPEG,Drones,2
Drones\51.JPEG,Drones,2
Drones\510.JPEG,Drones,1
Drones\511.JPEG,Drones,1
Drones\512.JPEG,Drones,2
Drones\513.png,Drones,0
Drones\514.png,Drones,1
Drones\515.png,Drones,1
Drones\516.png,Drones,1
Drones\517.png,Drones,0
Drones\518.png,Drones,0
Drones\519.png,Drones,0
Drones\520.png,Drones,0
Drones\521.jpeg,Drones,2
Drones\522.jpeg,Drones,0
Drones\523.jpeg,Drones,1
Drones\524.jpeg,Drones,2
Drones\525.jpeg,Drones,0
Drones\526.jpeg,Drones,0
Drones\527.jpeg,Drones,0
Drones\528.jpeg,Drones,0
Drones\529.jpeg,Drones,2
Drones\530.jpeg,Drones,0
Drones\531.jpeg,Drones,0
Drones\532.jpeg,Drones,0
Drones\533.jpeg,Drones,1
Drones\534.jpeg,Drones,1
Drones\535.jpeg,Drones,0
Drones\536.jpeg,Drones,1
Drones\537.jpeg,Drones,0
Drones\538.jpeg,Drones,2
Drones\539.jpeg,Drones,0
Drones\54.JPEG,Drones,1
Drones\540.jpeg,Drones,0
Drones\541.jpeg,Drones,0
Drones\542.jpeg,Drones,0
Drones\543.jpeg,Drones,0
Drones\544.jpeg,Drones,1
Drones\545.jpeg,Drones,0
Drones\548.jpeg,Drones,0
Drones\549.jpeg,Drones,0
Drones\55.JPEG,Drones,2
Drones\554.jpeg,Drones,0
Drones\555.jpeg,Drones,0
Drones\556.jpeg,Drones,1
Drones\557.jpeg,Drones,2
Drones\558.jpeg,Drones,2
Drones\559.jpeg,Drones,2
Drones\56.JPEG,Drones,2
Drones\560.jpeg,Drones,1
Drones\561.jpeg,Drones,0
Drones\562.jpeg,Drones,0
Drones\567.jpeg,Drones,1
Drones\568.jpeg,Drones,1
Drones\569.jpeg,Drones,2
Drones\57.JPEG,Drones,2
Drones\570.jpeg,Drones,2
Drones\571.jpeg,Drones,1
Drones\572.jpeg,Drones,1
Drones\573.jpeg,Drones,1
Drones\574.jpeg,Drones,2
Drones\575.jpeg,Drones,0
Drones\576.jpeg,Drones,0
Drones\577.jpeg,Drones,2
Drones\578.jpeg,Drones,1
Drones\579.jpeg,Drones,0
Drones\58.JPEG,Drones,2
Drones\580.jpeg,Drones,1
Drones\581.jpeg,Drones,0
Drones\582.jpeg,Drones,1
Drones\583.jpeg,Drones,0
Drones\584.jpeg,Drones,0
Drones\585.jpeg,Drones,0
Drones\586.jpeg,Drones,0
Drones\587.jpeg,Drones,0
Drones\588.jpeg,Drones,1
Drones\589.jpeg,Drones,0
Drones\59.JPEG,Drones,2
Drones\590.jpeg,Drones,0
Drones\592.jpeg,Drones,2
Drones\593.jpeg,Drones,2
Drones\594.jpeg,Drones,1
Drones\595.jpeg,Drones,2
Drones\596.jpeg,Drones,2
Drones\597.jpeg,Drones,1
Drones\598.jpeg,Drones,2
Drones\599.jpeg,Drones,2
Drones\6.JPEG,Drones,1
Drones\60.JPEG,Drones,1
Drones\600.jpeg,Drones,0
Drones\601.jpeg,Drones,2
Drones\602.jpeg,Drones,2
Drones\603.jpeg,Drones,1
Drones\604.jpeg,Drones,0
Drones\605.jpeg,Drones,1
Drones\606.jpeg,Drones,1
Drones\607.jpeg,Drones,2
Drones\608.jpeg,Drones,1
Drones\609.jpeg,Drones,2
Drones\610.jpeg,Drones,0
Drones\611.jpeg,Drones,1
Drones\612.jpeg,Drones,1
Drones\613.jpeg,Drones,1
Drones\614.jpeg,Drones,1
Drones\615.jpeg,Drones,0
Drones\616.jpeg,Drones,1
Drones\617.jpeg,Drones,2
Drones\618.jpeg,Drones,1
Drones\619.jpeg,Drones,1
Drones\620.jpeg,Drones,2
Drones\621.jpeg,Drones,2
Drones\622.jpeg,Drones,0
